{"train_loss": [4.636949952865936, 4.4598851525160725, 4.438716463382696, 4.426585718647916, 4.412212413565813], "val_loss": [4.442458683556884, 4.422747465815857, 4.413700260385109, 4.405454666945186, 4.401073582851104], "val_acc": [0.13325688073394495, 0.13325688073394495, 0.13325688073394495, 0.13325688073394495, 0.13325688073394495]}