{"train_loss": [4.6120970852324765, 4.410838473946757, 4.383045278919825, 4.365442601395353, 4.353045183185259], "val_loss": [4.470719723805894, 4.449620330420724, 4.4383483820588046, 4.437242182501911, 4.4407829994702865], "val_acc": [0.13165137614678898, 0.13165137614678898, 0.12958715596330275, 0.13165137614678898, 0.13165137614678898]}